"","Country","Score.2015","rank.2015","Score.2016","rank.2016","Score.2017","rank.2017","Score.2018","rank.2018","Score.2019","rank.2019","Score.Mean","GDP.2015","GDP.2016","GDP.2017","GDP.2018","GDP.2019","GDP.Mean","Social.2015","Social.2016","Social.2017","Social.2018","Social.2019","Social.support.Mean","Health.2015","Health.2016","Health.2017","Health.Mean","Freedom.2015","Freedom.2016","Freedom.2017","Freedom.2018","Freedom.2019","Freedom.Mean","Generosity.2015","Generosity.2016","Generosity.2017","Generosity.2018","Generosity.2019","Generosity.Mean","Perceptions.of.corruption.2015","Perceptions.of.corruption.2016","Perceptions.of.corruption.2017","Perceptions.of.corruption.2018","Perceptions.of.corruption.2019","Perceptions.of.corruption.Mean","rank.mean"
"1","Switzerland",7.587,1,7.509,2,7.49399995803833,4,7.487,5,7.48,6,7.587,1.39651,1.52733,1.56497955322266,1.42,1.452,1.39651,1.34951,1.14524,1.51691174507141,1.549,1.526,1.34951,0.94143,0.86303,0.858131289482117,0.94143,0.66557,0.58557,0.620070576667786,0.66,0.572,0.66557,0.29678,0.28083,0.290549278259277,0.256,0.263,0.29678,0.41978,0.41203,0.367007285356522,"0.357",0.343,0.41978,123.6
"2","Iceland",7.561,2,7.501,3,7.50400018692017,3,7.495,4,7.494,4,7.561,1.30232,1.42666,1.480633020401,1.343,1.38,1.30232,1.40223,1.18326,1.6105740070343,1.644,1.624,1.40223,0.94784,0.86733,0.833552122116089,0.94784,0.62877,0.56624,0.627162635326385,0.677,0.591,0.62877,0.4363,0.47678,0.475540220737457,0.353,0.354,0.4363,0.14145,0.14975,0.153526559472084,"0.138",0.118,0.14145,63
"3","Denmark",7.527,3,7.526,1,7.52199983596802,2,7.555,3,7.6,2,7.527,1.32548,1.44178,1.48238301277161,1.351,1.383,1.32548,1.36058,1.16374,1.55112159252167,1.59,1.573,1.36058,0.87464,0.79504,0.792565524578094,0.87464,0.64938,0.57941,0.626006722450256,0.683,0.592,0.64938,0.34139,0.36171,0.355280488729477,0.284,0.252,0.34139,0.48357,0.44453,0.40077006816864,"0.408",0.41,0.48357,34.6
"4","Norway",7.522,4,7.498,4,7.53700017929077,1,7.594,2,7.554,3,7.522,1.459,1.57744,1.61646318435669,1.456,1.488,1.459,1.33095,1.1269,1.53352355957031,1.582,1.582,1.33095,0.88521,0.79579,0.796666502952576,0.88521,0.66973,0.59609,0.635422587394714,0.686,0.603,0.66973,0.34699,0.37895,0.36201223731041,0.286,0.271,0.34699,0.36503,0.35776,0.315963834524155,"0.340",0.341,0.36503,106.6
"5","Canada",7.427,5,7.404,6,7.31599998474121,7,7.328,7,7.278,9,7.427,1.32629,1.44015,1.47920441627502,1.33,1.365,1.32629,1.32261,1.0961,1.48134899139404,1.532,1.505,1.32261,0.90563,0.8276,0.83455765247345,0.90563,0.63297,0.5737,0.611100912094116,0.653,0.584,0.63297,0.45811,0.44834,0.435539722442627,0.321,0.285,0.45811,0.32957,0.31329,0.287371516227722,"0.291",0.308,0.32957,27.6
"6","Finland",7.406,6,7.413,5,7.4689998626709,5,7.632,1,7.769,1,7.406,1.29025,1.40598,1.44357192516327,1.305,1.34,1.29025,1.31826,1.13464,1.5402467250824,1.592,1.587,1.31826,0.88911,0.81091,0.80915766954422,0.88911,0.64169,0.57104,0.617950856685638,0.681,0.596,0.64169,0.23351,0.25492,0.24548277258873,0.202,0.153,0.23351,0.41372,0.41004,0.38261154294014,"0.393",0.393,0.41372,52.4
"7","Netherlands",7.378,7,7.339,7,7.3769998550415,6,7.441,6,7.488,5,7.378,1.32944,1.46468,1.50394463539124,1.361,1.396,1.32944,1.28017,1.02912,1.42893922328949,1.488,1.522,1.28017,0.89284,0.81231,0.810696125030518,0.89284,0.61576,0.55211,0.585384488105774,0.638,0.557,0.61576,0.4761,0.47416,0.470489829778671,0.333,0.322,0.4761,0.31814,0.29927,0.282661825418472,"0.295",0.298,0.31814,91
"8","Sweden",7.364,8,7.291,10,7.28399991989136,9,7.314,9,7.343,7,7.364,1.33171,1.45181,1.49438726902008,1.355,1.387,1.33171,1.28907,1.08764,1.47816216945648,1.501,1.487,1.28907,0.91087,0.83121,0.830875158309937,0.91087,0.6598,0.58218,0.612924098968506,0.659,0.574,0.6598,0.36262,0.38254,0.385399252176285,0.285,0.267,0.36262,0.43844,0.40867,0.384398728609085,"0.383",0.373,0.43844,113
"9","New Zealand",7.286,9,7.334,8,7.31400012969971,8,7.324,8,7.307,8,7.286,1.25018,1.36066,1.40570604801178,1.268,1.303,1.25018,1.31967,1.17278,1.54819512367249,1.601,1.557,1.31967,0.90837,0.83096,0.816759705543518,0.90837,0.63938,0.58147,0.614062130451202,0.669,0.585,0.63938,0.47501,0.49401,0.500005125999451,0.365,0.33,0.47501,0.42922,0.41904,0.382816702127457,"0.389",0.38,0.42922,80.2
"10","Australia",7.284,10,7.313,9,7.28399991989136,10,7.272,10,7.228,11,7.284,1.33358,1.44443,1.484414935112,1.34,1.372,1.33358,1.30923,1.10476,1.51004195213318,1.573,1.548,1.30923,0.93156,0.8512,0.84388679265976,0.93156,0.65124,0.56837,0.601607382297516,0.647,0.557,0.65124,0.43562,0.47407,0.477699249982834,0.361,0.332,0.43562,0.35637,0.32331,0.301183730363846,"0.302",0.29,0.35637,3.6
"11","Israel",7.278,11,7.267,11,7.21299982070923,11,6.814,19,7.139,13,7.278,1.22857,1.33766,1.37538242340088,1.301,1.276,1.22857,1.22393,0.99537,1.37628996372223,1.559,1.455,1.22393,0.91387,0.84917,0.83840399980545,0.91387,0.41319,0.36432,0.405988603830338,0.533,0.371,0.41319,0.33172,0.32288,0.330082654953003,0.354,0.261,0.33172,0.07785,0.08728,0.0852421000599861,"0.272",0.082,0.07785,59.2
"12","Costa Rica",7.226,12,7.087,14,7.0789999961853,12,7.072,13,7.167,12,7.226,0.95578,1.06879,1.10970628261566,1.01,1.034,0.95578,1.23788,1.02152,1.41640365123749,1.459,1.441,1.23788,0.86027,0.76146,0.759509265422821,0.86027,0.63376,0.55225,0.580131649971008,0.632,0.558,0.63376,0.25497,0.22553,0.214613229036331,0.143,0.144,0.25497,0.10583,0.10547,0.100106589496136,"0.101",0.093,0.10583,30.6
"13","Austria",7.2,13,7.119,12,7.00600004196167,13,7.139,12,7.246,10,7.2,1.33723,1.45038,1.48709726333618,1.341,1.376,1.33723,1.29704,1.08383,1.4599449634552,1.504,1.475,1.29704,0.89042,0.80565,0.815328419208527,0.89042,0.62433,0.54355,0.567766189575195,0.617,0.532,0.62433,0.33088,0.32865,0.316472321748734,0.242,0.244,0.33088,0.18676,0.21348,0.221060365438461,"0.224",0.226,0.18676,6.2
"14","Mexico",7.187,14,6.778,21,6.57800006866455,25,6.488,24,6.595,23,7.187,1.02054,1.11508,1.15318381786346,1.038,1.07,1.02054,0.91451,0.7146,1.210862159729,1.252,1.323,0.91451,0.81444,0.71143,0.709978997707367,0.81444,0.48181,0.37709,0.412730008363724,0.479,0.433,0.48181,0.14074,0.11735,0.120990432798862,0.069,0.074,0.14074,0.21312,0.18355,0.132774114608765,"0.095",0.073,0.21312,76.8
"15","United States",7.119,15,7.104,13,6.99300003051758,14,6.886,18,6.892,19,7.119,1.39451,1.50796,1.54625928401947,1.398,1.433,1.39451,1.24711,1.04782,1.41992056369781,1.471,1.457,1.24711,0.86179,0.779,0.77428662776947,0.86179,0.54604,0.48163,0.505740523338318,0.547,0.454,0.54604,0.40105,0.41077,0.392578780651093,0.291,0.28,0.40105,0.1589,0.14868,0.135638788342476,"0.133",0.128,0.1589,124.8
"16","Brazil",6.983,16,6.952,17,6.63500022888184,22,6.419,28,6.3,32,6.983,0.98124,1.08754,1.10735321044922,0.986,1.004,0.98124,1.23287,1.03938,1.43130600452423,1.474,1.439,1.23287,0.69702,0.61415,0.616552352905273,0.69702,0.49049,0.40425,0.437453746795654,0.493,0.39,0.49049,0.14574,0.15776,0.16234989464283,0.11,0.099,0.14574,0.17521,0.14166,0.111092761158943,"0.088",0.086,0.17521,16.4
"17","Luxembourg",6.946,17,6.871,20,6.86299991607666,18,6.91,17,7.09,14,6.946,1.56391,1.69752,1.74194359779358,1.576,1.609,1.56391,1.21963,1.03999,1.45758366584778,1.52,1.479,1.21963,0.91894,0.84542,0.845089495182037,0.91894,0.61583,0.5487,0.59662789106369,0.632,0.526,0.61583,0.28034,0.27571,0.283180981874466,0.196,0.194,0.28034,0.37798,0.35329,0.31883442401886,"0.321",0.316,0.37798,85.4
"18","Ireland",6.94,18,6.907,19,6.97700023651123,15,6.977,14,7.021,16,6.94,1.33596,1.48341,1.53570663928986,1.448,1.499,1.33596,1.36948,1.16157,1.55823111534119,1.583,1.553,1.36948,0.89533,0.81455,0.80978262424469,0.89533,0.61777,0.54008,0.573110342025757,0.614,0.516,0.61777,0.45901,0.44963,0.42785832285881,0.307,0.298,0.45901,0.28703,0.29754,0.29838815331459,"0.306",0.31,0.28703,68
"19","Belgium",6.937,19,6.929,18,6.89099979400635,17,6.927,16,6.923,18,6.937,1.30782,1.42539,1.46378076076508,1.324,1.356,1.30782,1.28566,1.05249,1.46231269836426,1.483,1.504,1.28566,0.89667,0.81959,0.818091869354248,0.89667,0.5845,0.51354,0.539770722389221,0.583,0.473,0.5845,0.2225,0.2424,0.231503337621689,0.188,0.16,0.2225,0.2254,0.26248,0.251343131065369,"0.240",0.21,0.2254,12.6
"20","United Arab Emirates",6.901,20,6.573,28,6.64799976348877,21,6.774,20,6.825,21,6.901,1.42727,1.57352,1.62634336948395,2.096,1.503,1.42727,1.12575,0.87114,1.26641023159027,0.776,1.31,1.12575,0.80925,0.72993,0.726798236370087,0.80925,0.64157,0.56215,0.60834527015686,0.284,0.598,0.64157,0.26428,0.26591,0.3609419465065,0.186,0.262,0.26428,0.38583,0.35561,0.324489563703537,"N/A",0.182,0.38583,138.6
"21","United Kingdom",6.867,21,6.725,23,6.71400022506714,19,7.19,11,7.054,15,6.867,1.26637,1.40283,1.44163393974304,1.244,1.333,1.26637,1.28548,1.08672,1.49646008014679,1.433,1.538,1.28548,0.90943,0.80991,0.805335938930511,0.90943,0.59625,0.50036,0.508190035820007,0.464,0.45,0.59625,0.51912,0.50156,0.492774158716202,0.262,0.348,0.51912,0.32067,0.27399,0.265428066253662,"0.082",0.278,0.32067,141.6
"22","Venezuela",6.81,23,6.084,44,5.25,82,4.806,102,4.707,108,6.81,1.04424,1.13367,1.12843120098114,0.996,0.96,1.04424,1.25596,1.03302,1.43133759498596,1.469,1.427,1.25596,0.72052,0.61904,0.617144227027893,0.72052,0.42908,0.19847,0.153997123241425,0.133,0.154,0.42908,0.05841,0.0425,0.0650196298956871,0.056,0.064,0.05841,0.11069,0.08304,0.0644911229610443,"0.052",0.047,0.11069,152
"23","Singapore",6.798,24,6.739,22,6.57200002670288,26,6.343,34,6.262,34,6.798,1.52186,1.64555,1.69227766990662,1.529,1.572,1.52186,1.02,0.86758,1.35381436347961,1.451,1.463,1.02,1.02525,0.94719,0.949492394924164,1.02525,0.54252,0.4877,0.549840569496155,0.631,0.556,0.54252,0.31105,0.32706,0.345965981483459,0.261,0.271,0.31105,0.4921,0.46987,0.46430778503418,"0.457",0.453,0.4921,122.8
"24","Panama",6.786,25,6.701,25,6.4520001411438,30,6.43,27,6.321,31,6.786,1.06353,1.18306,1.23374843597412,1.112,1.149,1.06353,1.1985,0.98912,1.37319254875183,1.438,1.442,1.1985,0.79661,0.70835,0.706156134605408,0.79661,0.5421,0.48927,0.550026834011078,0.597,0.516,0.5421,0.24434,0.2418,0.21055693924427,0.125,0.109,0.24434,0.0927,0.08423,0.070983923971653,"0.063",0.054,0.0927,127.4
"25","Germany",6.75,26,6.994,16,6.95100021362305,16,6.965,15,6.985,17,6.75,1.32792,1.44787,1.48792338371277,1.34,1.373,1.32792,1.29937,1.09774,1.47252035140991,1.474,1.454,1.29937,0.89186,0.81487,0.798950731754303,0.89186,0.61477,0.53466,0.562511384487152,0.586,0.495,0.61477,0.28214,0.30452,0.336269170045853,0.273,0.261,0.28214,0.21843,0.28551,0.276731938123703,"0.280",0.265,0.21843,46.2
"26","Chile",6.67,27,6.705,24,6.65199995040894,20,6.476,25,6.444,26,6.67,1.10715,1.2167,1.25278460979462,1.131,1.159,1.10715,1.12447,0.90587,1.28402495384216,1.331,1.369,1.12447,0.85857,0.81883,0.819479703903198,0.85857,0.44132,0.37789,0.376895278692245,0.431,0.357,0.44132,0.33363,0.31595,0.326662421226501,0.197,0.187,0.33363,0.12869,0.11451,0.0822879821062088,"0.061",0.056,0.12869,24.4
"27","Qatar",6.611,28,6.375,36,6.375,35,6.374,32,6.374,29,6.611,1.69042,1.82427,1.87076568603516,1.649,1.684,1.69042,1.0786,0.87964,1.27429687976837,1.303,1.313,1.0786,0.79733,0.71723,0.710098087787628,0.79733,0.6404,0.56679,0.604130983352661,0.654,0.555,0.6404,0.32573,0.32388,0.330473870038986,0.256,0.22,0.32573,0.52208,0.48049,0.439299255609512,"0.171",0.167,0.52208,126
"28","France",6.575,29,6.478,32,6.44199991226196,31,6.489,23,6.592,24,6.575,1.27778,1.39488,1.43092346191406,1.293,1.324,1.27778,1.26038,1.00508,1.38777685165405,1.466,1.472,1.26038,0.94579,0.83795,0.844465851783752,0.94579,0.55011,0.46562,0.470222115516663,0.52,0.436,0.55011,0.12332,0.1216,0.129762306809425,0.098,0.111,0.12332,0.20646,0.17808,0.172502428293228,"0.176",0.183,0.20646,54.2
"29","Argentina",6.574,30,6.65,26,6.59899997711182,24,6.388,29,6.086,47,6.574,1.05351,1.15137,1.18529546260834,1.073,1.092,1.05351,1.24823,1.06612,1.44045114517212,1.468,1.432,1.24823,0.78723,0.69711,0.695137083530426,0.78723,0.44974,0.42284,0.494519203901291,0.57,0.471,0.44974,0.11451,0.10989,0.109457060694695,0.062,0.066,0.11451,0.08484,0.07296,0.059739887714386,"0.054",0.05,0.08484,2.8
"30","Czech Republic",6.505,31,6.596,27,6.60900020599365,23,6.711,21,6.852,20,6.505,1.17898,1.30915,1.35268235206604,1.233,1.269,1.17898,1.20643,1.00793,1.43388521671295,1.489,1.487,1.20643,0.84483,0.76376,0.754444003105164,0.84483,0.46364,0.41418,0.490946173667908,0.543,0.457,0.46364,0.10686,0.09929,0.0881067588925362,0.064,0.046,0.10686,0.02652,0.03986,0.0368729270994663,"0.034",0.036,0.02652,33.4
"31","Uruguay",6.485,32,6.545,29,6.4539999961853,28,6.379,31,6.293,33,6.485,1.06166,1.18157,1.21755969524384,1.093,1.124,1.06166,1.2089,1.03143,1.41222786903381,1.459,1.465,1.2089,0.8116,0.72183,0.719216823577881,0.8116,0.60362,0.54388,0.57939225435257,0.625,0.523,0.60362,0.2324,0.18056,0.175096929073334,0.13,0.127,0.2324,0.24558,0.21394,0.178061872720718,"0.155",0.15,0.24558,133.4
"32","Colombia",6.477,33,6.481,31,6.35699987411499,36,6.26,37,6.125,43,6.477,0.91861,1.03032,1.07062232494354,0.96,0.985,0.91861,1.24018,1.02169,1.4021829366684,1.439,1.41,1.24018,0.69077,0.59659,0.595027923583984,0.69077,0.53466,0.44735,0.477487415075302,0.531,0.47,0.53466,0.18401,0.15626,0.149014472961426,0.099,0.099,0.18401,0.0512,0.05399,0.0466687418520451,"0.039",0.034,0.0512,27.8
"33","Thailand",6.455,34,6.474,33,6.42399978637695,32,6.072,46,6.008,52,6.455,0.9669,1.0893,1.12786877155304,1.016,1.05,0.9669,1.26504,1.04477,1.42579245567322,1.417,1.409,1.26504,0.7385,0.64915,0.647239029407501,0.7385,0.55664,0.49553,0.580200731754303,0.637,0.557,0.55664,0.5763,0.58696,0.572123110294342,0.364,0.359,0.5763,0.03187,0.02833,0.0316127352416515,"0.029",0.028,0.03187,138.2
"34","Saudi Arabia",6.411,35,6.379,34,6.3439998626709,37,6.371,33,6.375,28,6.411,1.39541,1.48953,1.53062355518341,1.379,1.403,1.39541,1.08393,0.84829,1.28667759895325,1.331,1.357,1.08393,0.72025,0.59267,0.590148329734802,0.72025,0.31048,0.37904,0.449750572443008,0.509,0.439,0.31048,0.13706,0.15457,0.147616013884544,0.098,0.08,0.13706,0.32524,0.30008,0.27343225479126,"0.127",0.132,0.32524,123.4
"35","Spain",6.329,36,6.361,37,6.40299987792969,34,6.31,36,6.354,30,6.329,1.23011,1.34253,1.38439786434174,1.251,1.286,1.23011,1.31379,1.12945,1.53209090232849,1.538,1.484,1.31379,0.95562,0.87896,0.888960599899292,0.95562,0.45951,0.37545,0.408781230449677,0.449,0.362,0.45951,0.18227,0.17665,0.190133571624756,0.142,0.153,0.18227,0.06398,0.06137,0.0709140971302986,"0.074",0.079,0.06398,123
"36","Malta",6.302,37,6.488,30,6.52699995040894,27,6.627,22,6.726,22,6.302,1.2074,1.30782,1.34327983856201,1.27,1.3,1.2074,1.30203,1.09879,1.48841166496277,1.525,1.52,1.30203,0.88721,0.80315,0.821944236755371,0.88721,0.60365,0.54994,0.588767051696777,0.645,0.564,0.60365,0.51752,0.56237,0.574730575084686,0.376,0.375,0.51752,0.13586,0.17554,0.153066068887711,"0.142",0.151,0.13586,78.8
"37","Kuwait",6.295,39,6.239,41,6.10500001907349,39,6.083,45,6.021,51,6.295,1.55422,1.61714,1.63295245170593,1.474,1.5,1.55422,1.16594,0.87758,1.25969874858856,1.301,1.319,1.16594,0.72492,0.63569,0.632105708122253,0.72492,0.55499,0.43166,0.496337592601776,0.554,0.493,0.55499,0.16228,0.15965,0.228289797902107,0.167,0.142,0.16228,0.25609,0.23669,0.215159550309181,"0.106",0.097,0.25609,90.8
"38","El Salvador",6.13,42,6.068,46,6.00299978256226,45,6.167,40,6.253,35,6.13,0.76454,0.8737,0.909784495830536,0.806,0.794,0.76454,1.02507,0.80975,1.18212509155273,1.231,1.242,1.02507,0.67737,0.596,0.596018552780151,0.67737,0.4035,0.37269,0.432452529668808,0.461,0.43,0.4035,0.10692,0.08877,0.0782579854130745,0.065,0.093,0.10692,0.11776,0.10613,0.0899809598922729,"0.082",0.074,0.11776,33.6
"39","Guatemala",6.123,43,6.324,39,6.4539999961853,29,6.382,30,6.436,27,6.123,0.74553,0.83454,0.872001945972443,0.781,0.8,0.74553,1.04356,0.87119,1.25558519363403,1.268,1.269,1.04356,0.64425,0.54039,0.540239989757538,0.64425,0.57733,0.50379,0.531310617923737,0.604,0.535,0.57733,0.27489,0.28808,0.283488392829895,0.179,0.175,0.27489,0.09472,0.08701,0.0772232785820961,"0.071",0.078,0.09472,64
"40","Uzbekistan",6.003,44,5.987,49,5.97100019454956,47,6.096,44,6.174,41,6.003,0.63244,0.73591,0.786441087722778,0.719,0.745,0.63244,1.34043,1.1681,1.54896914958954,1.584,1.529,1.34043,0.59772,0.50163,0.498272627592087,0.59772,0.65821,0.60848,0.658248662948608,0.724,0.631,0.65821,0.22837,0.34326,0.415983647108078,0.328,0.322,0.22837,0.30826,0.28333,0.246528223156929,"0.259",0.24,0.30826,149.4
"41","Slovakia",5.995,45,6.078,45,6.09800004959106,40,6.173,39,6.198,38,5.995,1.16891,1.27973,1.32539355754852,1.21,1.246,1.16891,1.26999,1.08268,1.50505924224854,1.537,1.504,1.26999,0.78902,0.70367,0.712732911109924,0.78902,0.31751,0.23391,0.295817464590073,0.354,0.334,0.31751,0.16893,0.13837,0.136544480919838,0.118,0.121,0.16893,0.03431,0.02947,0.0242108516395092,"0.014",0.014,0.03431,140.2
"42","Japan",5.987,46,5.921,53,5.92000007629395,51,5.915,54,5.886,58,5.987,1.27074,1.38007,1.41691517829895,1.294,1.327,1.27074,1.25712,1.06054,1.43633782863617,1.462,1.419,1.25712,0.99111,0.91491,0.913475871086121,0.99111,0.49615,0.46761,0.505625545978546,0.553,0.445,0.49615,0.10705,0.10224,0.12057276815176,0.079,0.069,0.10705,0.1806,0.18985,0.163760736584663,"0.150",0.14,0.1806,67.2
"43","South Korea",5.984,47,5.835,58,5.83799982070923,55,5.875,57,5.895,54,5.984,1.24461,1.35948,1.40167844295502,1.266,1.301,1.24461,0.95774,0.72194,1.12827444076538,1.204,1.219,0.95774,0.96538,0.88645,0.900214076042175,0.96538,0.33208,0.25168,0.257921665906906,0.244,0.159,0.33208,0.18557,0.18824,0.206674367189407,0.175,0.175,0.18557,0.07857,0.07716,0.0632826685905457,"0.051",0.056,0.07857,139.2
"44","Ecuador",5.975,48,5.976,51,6.00799989700317,44,5.973,48,6.028,50,5.975,0.86402,0.97306,1.00082039833069,0.889,0.912,0.86402,0.99903,0.85974,1.28616881370544,1.33,1.312,0.99903,0.79075,0.68613,0.685636222362518,0.79075,0.48574,0.4027,0.4551981985569,0.556,0.498,0.48574,0.11541,0.10074,0.150112465023994,0.114,0.126,0.11541,0.1809,0.18037,0.140134647488594,"0.120",0.087,0.1809,43
"45","Bahrain",5.96,49,6.218,42,6.08699989318848,41,6.105,43,6.199,37,5.96,1.32376,1.44024,1.48841226100922,1.338,1.362,1.32376,1.21624,0.94397,1.32311046123505,1.366,1.368,1.21624,0.74716,0.65696,0.653133034706116,0.74716,0.45492,0.47375,0.536746919155121,0.594,0.536,0.45492,0.17362,0.17147,0.172668486833572,0.243,0.255,0.17362,0.306,0.25772,0.257042169570923,"0.123",0.11,0.306,8.2
"46","Italy",5.948,50,5.977,50,5.96400022506714,48,6,47,6.223,36,5.948,1.25114,1.35495,1.39506661891937,1.264,1.294,1.25114,1.19777,1.04167,1.44492328166962,1.501,1.488,1.19777,0.95446,0.85102,0.853144347667694,0.95446,0.26236,0.18827,0.256450712680817,0.281,0.231,0.26236,0.22823,0.16684,0.17278964817524,0.137,0.158,0.22823,0.02901,0.02556,0.0280280914157629,"0.028",0.03,0.02901,65.2
"47","Bolivia",5.89,51,5.822,59,5.82299995422363,58,5.752,62,5.779,61,5.89,0.68133,0.79422,0.833756566047668,0.751,0.776,0.68133,0.97841,0.83779,1.22761905193329,1.223,1.209,0.97841,0.5392,0.4697,0.473630249500275,0.5392,0.57414,0.50961,0.558732926845551,0.606,0.511,0.57414,0.20536,0.21698,0.22556072473526,0.141,0.137,0.20536,0.088,0.07746,0.0604777261614799,"0.054",0.064,0.088,15.8
"48","Moldova",5.889,52,5.897,55,5.83799982070923,56,5.64,67,5.529,71,5.889,0.59448,0.69177,0.728870630264282,0.657,0.685,0.59448,1.01528,0.83132,1.25182557106018,1.301,1.328,1.01528,0.61826,0.52309,0.589465200901031,0.61826,0.32818,0.25202,0.240729048848152,0.232,0.245,0.32818,0.20951,0.19997,0.208779126405716,0.171,0.181,0.20951,0.01615,0.01903,0.0100912861526012,"0.000",0,0.01615,88
"49","Paraguay",5.878,53,5.538,70,5.49300003051758,70,5.681,64,5.743,63,5.878,0.75985,0.89373,0.932537317276001,0.835,0.855,0.75985,1.30477,1.11111,1.50728487968445,1.522,1.475,1.30477,0.66098,0.58295,0.579250693321228,0.66098,0.53899,0.46235,0.473507791757584,0.541,0.514,0.53899,0.3424,0.25296,0.224150657653809,0.162,0.184,0.3424,0.08242,0.07396,0.091065913438797,"0.074",0.08,0.08242,116.8
"50","Kazakhstan",5.855,54,5.919,54,5.81899976730347,60,5.79,60,5.809,60,5.855,1.12254,1.22943,1.28455626964569,1.143,1.173,1.12254,1.12241,0.95544,1.38436901569366,1.516,1.508,1.12241,0.64368,0.57386,0.606041550636292,0.64368,0.51649,0.4052,0.437454283237457,0.454,0.41,0.51649,0.11827,0.15011,0.201964423060417,0.148,0.146,0.11827,0.08454,0.11132,0.119282886385918,"0.121",0.096,0.08454,62.6
"51","Slovenia",5.848,55,5.768,63,5.75799989700317,62,5.948,51,6.118,44,5.848,1.18498,1.29947,1.3412059545517,1.219,1.258,1.18498,1.27385,1.05613,1.45251882076263,1.506,1.523,1.27385,0.87337,0.79151,0.790828227996826,0.87337,0.60855,0.53164,0.572575807571411,0.633,0.564,0.60855,0.25328,0.25738,0.242649093270302,0.16,0.144,0.25328,0.03787,0.03635,0.0451289787888527,"0.051",0.057,0.03787,124.6
"52","Lithuania",5.833,56,5.813,60,5.90199995040894,52,5.952,50,6.149,42,5.833,1.14723,1.2692,1.31458234786987,1.197,1.238,1.14723,1.25745,1.06411,1.47351610660553,1.527,1.515,1.25745,0.73128,0.64674,0.62894994020462,0.73128,0.21342,0.18929,0.234231784939766,0.35,0.291,0.21342,0.02641,0.02025,0.010164656676352,0.026,0.043,0.02641,0.01031,0.0182,0.0118656428530812,"0.006",0.042,0.01031,79
"53","Nicaragua",5.828,57,5.992,48,6.07100009918213,43,6.141,41,6.105,45,5.828,0.59325,0.69384,0.737299203872681,0.668,0.694,0.59325,1.14184,0.89521,1.28721570968628,1.319,1.325,1.14184,0.74314,0.65213,0.653095960617065,0.74314,0.55475,0.46582,0.447551846504211,0.527,0.435,0.55475,0.27815,0.29773,0.301674216985703,0.208,0.2,0.27815,0.19317,0.16292,0.130687981843948,"0.128",0.127,0.19317,86.2
"54","Peru",5.824,58,5.743,64,5.71500015258789,63,5.663,65,5.697,65,5.824,0.90019,0.99602,1.03522527217865,0.934,0.96,0.90019,0.97459,0.81255,1.21877038478851,1.249,1.274,0.97459,0.73017,0.62994,0.630166113376617,0.73017,0.41496,0.37502,0.450002878904343,0.53,0.455,0.41496,0.14982,0.14527,0.126819714903831,0.092,0.083,0.14982,0.05989,0.05292,0.0470490865409374,"0.034",0.027,0.05989,108.2
"55","Belarus",5.813,59,5.802,61,5.56899976730347,67,5.483,73,5.323,81,5.813,1.03192,1.13062,1.15655755996704,1.039,1.067,1.03192,1.23289,1.04993,1.44494521617889,1.498,1.465,1.23289,0.73608,0.63104,0.637714266777039,0.73608,0.37938,0.29091,0.295400261878967,0.307,0.235,0.37938,0.11046,0.13942,0.15513750910759,0.101,0.094,0.11046,0.1909,0.17457,0.156313821673393,"0.154",0.142,0.1909,13
"56","Poland",5.791,60,5.835,57,5.97300004959106,46,6.123,42,6.182,40,5.791,1.12555,1.24585,1.29178786277771,1.176,1.206,1.12555,1.27948,1.04685,1.44571197032928,1.448,1.438,1.27948,0.77903,0.69058,0.699475347995758,0.77903,0.53122,0.4519,0.520342111587524,0.546,0.483,0.53122,0.16759,0.14443,0.158465966582298,0.108,0.117,0.16759,0.04212,0.055,0.0593078061938286,"0.064",0.05,0.04212,134.8
"57","Malaysia",5.77,61,6.005,47,6.08400011062622,42,6.322,35,5.339,80,5.77,1.12486,1.25142,1.29121541976929,1.161,1.221,1.12486,1.07023,0.88025,1.28464603424072,1.258,1.171,1.07023,0.72394,0.62366,0.618784427642822,0.72394,0.53024,0.39031,0.402264982461929,0.356,0.508,0.53024,0.33075,0.41474,0.416608929634094,0.311,0.26,0.33075,0.10501,0.09081,0.0656007081270218,"0.059",0.024,0.10501,114
"58","Croatia",5.759,62,5.488,74,5.29300022125244,77,5.321,82,5.432,75,5.759,1.08254,1.18649,1.22255623340607,1.115,1.155,1.08254,0.79624,0.60809,0.96798300743103,1.161,1.266,0.79624,0.78805,0.70524,0.701288521289825,0.78805,0.25883,0.23907,0.255772292613983,0.38,0.296,0.25883,0.05444,0.18434,0.248002976179123,0.12,0.119,0.05444,0.0243,0.04002,0.0431031100451946,"0.039",0.022,0.0243,36
"59","Libya",5.754,63,5.615,67,5.52500009536743,68,5.566,70,5.525,72,5.754,1.13145,1.06688,1.10180306434631,0.985,1.044,1.13145,1.11862,0.95076,1.35756433010101,1.35,1.303,1.11862,0.7038,0.52304,0.520169019699097,0.7038,0.41668,0.40672,0.465733230113983,0.496,0.416,0.41668,0.18295,0.17087,0.152073666453362,0.116,0.133,0.18295,0.11023,0.10339,0.0926102101802826,"0.148",0.152,0.11023,84.6
"60","Russia",5.716,64,5.856,56,5.96299982070923,49,5.81,59,5.648,68,5.716,1.13764,1.23228,1.28177809715271,1.151,1.183,1.13764,1.23617,1.05261,1.46928238868713,1.479,1.452,1.23617,0.66926,0.58991,0.547349333763123,0.66926,0.36679,0.32682,0.373783111572266,0.399,0.334,0.36679,0.00199,0.02736,0.0522638224065304,0.065,0.082,0.00199,0.03005,0.03586,0.0329628810286522,"0.025",0.031,0.03005,126
"61","Jamaica",5.709,65,5.51,73,5.31099987030029,76,5.89,56,5.89,56,5.709,0.81038,0.89333,0.925579309463501,0.819,0.831,0.81038,1.15102,0.96372,1.36821806430817,1.493,1.478,1.15102,0.68741,0.59469,0.641022384166718,0.68741,0.50442,0.43597,0.474307239055634,0.575,0.49,0.50442,0.2123,0.22245,0.233818337321281,0.096,0.107,0.2123,0.02299,0.04294,0.0552677810192108,"0.031",0.028,0.02299,66.2
"62","Cyprus",5.689,67,5.546,69,5.62099981307983,65,5.762,61,6.046,49,5.689,1.20813,1.31857,1.35593807697296,1.229,1.263,1.20813,0.89318,0.70697,1.13136327266693,1.191,1.223,0.89318,0.92356,0.8488,0.84471470117569,0.92356,0.40672,0.29507,0.355111539363861,0.423,0.406,0.40672,0.30638,0.27906,0.271254301071167,0.202,0.19,0.30638,0.06146,0.05228,0.0412379764020443,"0.035",0.041,0.06146,39.4
"63","Algeria",5.605,68,6.355,38,5.87200021743774,53,5.295,84,5.211,88,5.605,0.93929,1.05266,1.09186446666718,0.979,1.002,0.93929,1.07772,0.83309,1.1462174654007,1.154,1.16,1.07772,0.61766,0.61804,0.617584645748138,0.61766,0.28579,0.21006,0.233335807919502,0.077,0.086,0.28579,0.07822,0.07044,0.0694366469979286,0.055,0.073,0.07822,0.17383,0.16157,0.146096110343933,"0.135",0.114,0.17383,2.2
"64","Kosovo",5.589,69,5.401,77,5.27899980545044,78,5.662,66,6.1,46,5.589,0.80148,0.90145,0.951484382152557,0.855,0.882,0.80148,0.81198,0.66062,1.13785350322723,1.23,1.232,0.81198,0.63132,0.54,0.541452050209045,0.63132,0.24749,0.14396,0.260287940502167,0.448,0.489,0.24749,0.2831,0.27992,0.319931447505951,0.274,0.262,0.2831,0.04741,0.06547,0.0574716180562973,"0.023",0.006,0.04741,84.4
"65","Turkmenistan",5.548,70,5.658,65,5.82200002670288,59,5.636,68,5.247,87,5.548,0.95847,1.08017,1.13077676296234,1.016,1.052,0.95847,1.22668,1.03817,1.49314916133881,1.533,1.538,1.22668,0.53886,0.44006,0.437726080417633,0.53886,0.4761,0.37408,0.41827192902565,0.417,0.394,0.4761,0.16979,0.22567,0.24992498755455,0.199,0.244,0.16979,0.30844,0.28467,0.259270340204239,"0.037",0.028,0.30844,128.6
"66","Mauritius",5.477,71,5.648,66,5.62900018692017,64,5.891,55,5.888,57,5.477,1.00761,1.14372,1.18939554691315,1.09,1.12,1.00761,0.98521,0.75695,1.20956099033356,1.387,1.402,0.98521,0.7095,0.66189,0.638007462024689,0.7095,0.56066,0.46145,0.491247326135635,0.584,0.498,0.56066,0.37744,0.36951,0.360933750867844,0.245,0.215,0.37744,0.07521,0.05203,0.0421815551817417,"0.050",0.06,0.07521,63.4
"67","Estonia",5.429,73,5.517,72,5.61100006103516,66,5.739,63,5.893,55,5.429,1.15174,1.27964,1.32087934017181,1.2,1.237,1.15174,1.22791,1.05163,1.47667109966278,1.532,1.528,1.22791,0.77361,0.68098,0.695168316364288,0.77361,0.44888,0.41511,0.479131430387497,0.553,0.495,0.44888,0.0868,0.08423,0.0988908112049103,0.086,0.103,0.0868,0.15184,0.18519,0.183248922228813,"0.174",0.161,0.15184,45
"68","Indonesia",5.399,74,5.314,79,5.26200008392334,81,5.093,96,5.192,92,5.399,0.82827,0.95104,0.995538592338562,0.899,0.931,0.82827,1.08708,0.87625,1.27444469928741,1.215,1.203,1.08708,0.63793,0.49374,0.492345720529556,0.63793,0.46611,0.39237,0.443323463201523,0.538,0.491,0.46611,0.51535,0.56521,0.611704587936401,0.484,0.498,0.51535,0,0.00322,0.0153171354904771,"0.018",0.028,0,49
"69","Vietnam",5.36,75,5.061,96,5.07399988174438,94,5.103,95,5.175,94,5.36,0.63216,0.74037,0.788547575473785,0.715,0.741,0.63216,0.91226,0.79117,1.27749133110046,1.365,1.346,0.91226,0.74676,0.66157,0.652168989181519,0.74676,0.59444,0.55954,0.571055591106415,0.618,0.543,0.59444,0.1686,0.25075,0.234968051314354,0.177,0.147,0.1686,0.10441,0.11556,0.0876332372426987,"0.079",0.073,0.10441,137.8
"70","Turkey",5.332,76,5.389,78,5.5,69,5.483,74,5.373,79,5.332,1.06098,1.16492,1.19827437400818,1.148,1.183,1.06098,0.94632,0.87717,1.33775317668915,1.38,1.36,0.94632,0.73172,0.64718,0.637605607509613,0.73172,0.22815,0.23889,0.300740599632263,0.324,0.195,0.22815,0.12253,0.04707,0.0466930419206619,0.106,0.083,0.12253,0.15746,0.12348,0.0996715798974037,"0.109",0.106,0.15746,133.8
"71","Kyrgyzstan",5.286,77,5.185,85,5.00400018692017,98,5.131,92,5.261,86,5.286,0.47428,0.56044,0.596220076084137,0.53,0.551,0.47428,1.15115,0.95434,1.39423859119415,1.416,1.438,1.15115,0.65088,0.55449,0.553457796573639,0.65088,0.43477,0.40212,0.454943388700485,0.54,0.508,0.43477,0.3003,0.38432,0.42858037352562,0.281,0.3,0.3003,0.04232,0.04762,0.0394391790032387,"0.035",0.023,0.04232,75.2
"72","Nigeria",5.268,78,4.875,103,5.07399988174438,95,5.155,91,5.265,85,5.268,0.65435,0.75216,0.783756256103516,0.689,0.696,0.65435,0.90432,0.64498,1.21577048301697,1.172,1.111,0.90432,0.16007,0.05108,0.0569157302379608,0.16007,0.34334,0.27854,0.394952565431595,0.462,0.426,0.34334,0.27233,0.23219,0.230947196483612,0.201,0.215,0.27233,0.0403,0.0305,0.0261215660721064,"0.032",0.041,0.0403,108.4
"73","Bhutan",5.253,79,5.196,84,5.01100015640259,97,5.082,97,5.082,95,5.253,0.77042,0.8527,0.885416388511658,0.796,0.813,0.77042,1.10395,0.90836,1.34012651443481,1.335,1.321,1.10395,0.57407,0.49759,0.495879292488098,0.57407,0.53206,0.46074,0.501537680625916,0.541,0.457,0.53206,0.47998,0.48546,0.474054545164108,0.364,0.37,0.47998,0.15445,0.1616,0.173380389809608,"0.171",0.167,0.15445,21.4
"74","Azerbaijan",5.212,80,5.291,81,5.23400020599365,85,5.201,87,5.208,90,5.212,1.02389,1.12373,1.15360176563263,1.024,1.043,1.02389,0.93793,0.76042,1.15240025520325,1.161,1.147,0.93793,0.64045,0.54504,0.540775775909424,0.64045,0.3703,0.35327,0.398155838251114,0.43,0.351,0.3703,0.07799,0.0564,0.0452693402767181,0.031,0.035,0.07799,0.16065,0.17914,0.180987507104874,"0.176",0.182,0.16065,8.6
"75","Pakistan",5.194,81,5.132,92,5.26900005340576,80,5.472,75,5.653,67,5.194,0.59543,0.68816,0.72688353061676,0.652,0.677,0.59543,0.41411,0.26135,0.672690689563751,0.81,0.886,0.41411,0.51466,0.40306,0.402047783136368,0.51466,0.12102,0.14622,0.23521526157856,0.334,0.313,0.12102,0.33671,0.31185,0.315446019172668,0.216,0.22,0.33671,0.10464,0.1388,0.124348066747189,"0.113",0.098,0.10464,113.8
"76","Jordan",5.192,82,5.303,80,5.33599996566772,74,5.161,90,4.906,101,5.192,0.90198,0.99673,0.991012394428253,0.822,0.837,0.90198,1.05392,0.86216,1.23908889293671,1.265,1.225,1.05392,0.69639,0.60712,0.604590058326721,0.69639,0.40661,0.36023,0.418421149253845,0.468,0.383,0.40661,0.11053,0.14262,0.172170460224152,0.13,0.11,0.11053,0.14293,0.13297,0.11980327218771,"0.134",0.13,0.14293,69.8
"77","Montenegro",5.192,83,5.161,88,5.23699998855591,83,5.347,81,5.523,73,5.192,0.97438,1.07838,1.12112903594971,1.017,1.051,0.97438,0.90557,0.74173,1.23837649822235,1.279,1.361,0.90557,0.72521,0.63533,0.667464673519135,0.72521,0.1826,0.15111,0.194989055395126,0.259,0.197,0.1826,0.1614,0.17191,0.197911024093628,0.111,0.142,0.1614,0.14296,0.12721,0.0881741940975189,"0.081",0.08,0.14296,88.8
"78","China",5.14,84,5.245,83,5.27299976348877,79,5.246,86,5.191,93,5.14,0.89012,1.0278,1.08116579055786,0.989,1.029,0.89012,0.94675,0.79381,1.16083741188049,1.142,1.125,0.94675,0.81658,0.73561,0.741415500640869,0.81658,0.51697,0.44012,0.472787708044052,0.597,0.521,0.51697,0.08185,0.04959,0.0288068410009146,0.029,0.058,0.08185,0.02781,0.02745,0.0227942746132612,"0.103",0.1,0.02781,32
"79","Zambia",5.129,85,4.795,106,4.51399993896484,116,4.377,125,4.107,138,5.129,0.47038,0.61202,0.636406779289246,0.562,0.578,0.47038,0.91612,0.6376,1.00318729877472,1.047,1.058,0.91612,0.29924,0.23573,0.257835894823074,0.29924,0.48827,0.42662,0.461603492498398,0.503,0.431,0.48827,0.19591,0.17866,0.249580144882202,0.221,0.247,0.19591,0.12468,0.11479,0.0782135501503944,"0.082",0.087,0.12468,153.8
"80","Romania",5.124,86,5.528,71,5.82499980926514,57,5.945,52,6.07,48,5.124,1.04345,1.1697,1.21768391132355,1.116,1.162,1.04345,0.88588,0.72803,1.15009129047394,1.219,1.232,0.88588,0.7689,0.67602,0.685158312320709,0.7689,0.35068,0.36712,0.457003742456436,0.528,0.462,0.35068,0.13748,0.12889,0.133519917726517,0.088,0.083,0.13748,0.00649,0.00679,0.00438790069893003,"0.001",0.005,0.00649,139
"81","Serbia",5.123,87,5.177,86,5.39499998092651,73,5.398,78,5.603,70,5.123,0.92053,1.03437,1.06931757926941,0.975,1.004,0.92053,1.00964,0.81329,1.25818979740143,1.369,1.383,1.00964,0.74836,0.6458,0.65078467130661,0.74836,0.20107,0.15718,0.208715528249741,0.288,0.282,0.20107,0.19231,0.20737,0.220125883817673,0.134,0.137,0.19231,0.02617,0.04339,0.0409037806093693,"0.043",0.039,0.02617,125
"82","Portugal",5.102,88,5.123,94,5.19500017166138,89,5.41,77,5.693,66,5.102,1.15991,1.27607,1.3151752948761,1.188,1.221,1.15991,1.13935,0.94367,1.36704301834106,1.429,1.431,1.13935,0.87519,0.79363,0.795843541622162,0.87519,0.51469,0.44727,0.498465299606323,0.562,0.508,0.51469,0.13719,0.11691,0.0951027125120163,0.055,0.047,0.13719,0.01078,0.01521,0.0158694516867399,"0.017",0.025,0.01078,140.8
"83","Latvia",5.098,89,5.56,68,5.84999990463257,54,5.933,53,5.94,53,5.098,1.11312,1.21788,1.26074862480164,1.148,1.187,1.11312,1.09562,0.95025,1.40471494197845,1.454,1.465,1.09562,0.72437,0.63952,0.638566970825195,0.72437,0.29671,0.27996,0.325707912445068,0.363,0.264,0.29671,0.18226,0.17445,0.153074786067009,0.092,0.075,0.18226,0.06332,0.0889,0.0738427266478539,"0.066",0.064,0.06332,87.6
"84","Philippines",5.073,90,5.279,82,5.42999982833862,72,5.524,71,5.631,69,5.073,0.70532,0.81217,0.85769921541214,0.775,0.807,0.70532,1.03516,0.87877,1.25391757488251,1.312,1.293,1.03516,0.58114,0.47036,0.468009054660797,0.58114,0.62545,0.54854,0.585214674472809,0.643,0.558,0.62545,0.24991,0.21674,0.193513423204422,0.12,0.117,0.24991,0.12279,0.11757,0.0993318930268288,"0.105",0.107,0.12279,115
"85","Morocco",5.013,92,5.151,90,5.2350001335144,84,5.254,85,5.208,89,5.013,0.73479,0.84058,0.878114581108093,0.779,0.801,0.73479,0.64095,0.38595,0.774864435195923,0.797,0.782,0.64095,0.60954,0.59471,0.59771066904068,0.60954,0.41691,0.25646,0.408158332109451,0.46,0.418,0.41691,0.07172,0.04053,0.0322099551558495,0.026,0.036,0.07172,0.08546,0.08404,0.0877631828188896,"0.074",0.076,0.08546,86.6
"86","Albania",4.959,95,4.655,109,4.64400005340576,109,4.586,112,4.719,107,4.959,0.87867,0.9553,0.996192753314972,0.916,0.947,0.87867,0.80434,0.50163,0.803685247898102,0.817,0.848,0.80434,0.81325,0.73007,0.731159746646881,0.81325,0.35733,0.31866,0.381498634815216,0.419,0.383,0.35733,0.14272,0.1684,0.201312944293022,0.149,0.178,0.14272,0.06413,0.05301,0.0398642159998417,"0.032",0.027,0.06413,3.2
"87","Bosnia and Herzegovina",4.949,96,5.163,87,5.18200016021729,90,5.129,93,5.386,78,4.949,0.83223,0.93383,0.982409417629242,0.915,0.945,0.83223,0.91916,0.64367,1.0693359375,1.078,1.212,0.91916,0.79081,0.70766,0.705186307430267,0.79081,0.09245,0.09511,0.204403176903725,0.28,0.212,0.09245,0.24808,0.29889,0.328867495059967,0.216,0.263,0.24808,0.00227,0,0,"0.000",0.006,0.00227,23
"88","Dominican Republic",4.885,98,5.155,89,5.23000001907349,86,5.302,83,5.425,77,4.885,0.89537,1.02787,1.07937383651733,0.982,1.015,0.89537,1.17202,0.99496,1.40241670608521,1.441,1.401,1.17202,0.66825,0.57669,0.574873745441437,0.66825,0.57672,0.52259,0.55258983373642,0.578,0.497,0.57672,0.21684,0.21286,0.186967849731445,0.12,0.113,0.21684,0.14234,0.12372,0.113945253193378,"0.106",0.101,0.14234,27.6
"89","Mongolia",4.874,100,4.907,101,4.95499992370605,100,5.125,94,5.285,83,4.874,0.82819,0.98853,1.02723586559296,0.914,0.948,0.82819,1.3006,1.08983,1.4930112361908,1.517,1.531,1.3006,0.60268,0.55469,0.557783484458923,0.60268,0.43626,0.35972,0.394143968820572,0.395,0.317,0.43626,0.3323,0.34539,0.338464230298996,0.253,0.235,0.3323,0.02666,0.03285,0.0329022891819477,"0.032",0.038,0.02666,106.4
"90","Greece",4.857,102,5.033,99,5.22700023651123,87,5.358,79,5.287,82,4.857,1.15406,1.24886,1.28948748111725,1.154,1.181,1.15406,0.92933,0.75473,1.23941457271576,1.202,1.156,0.92933,0.88213,0.80029,0.810198903083801,0.88213,0.07699,0.05822,0.0957312509417534,0.131,0.067,0.07699,0,0,0,0,0,0,0.01397,0.04127,0.04328977689147,"0.044",0.034,0.01397,60.2
"91","Lebanon",4.839,103,5.129,93,5.22499990463257,88,5.358,80,5.197,91,4.839,1.02564,1.12268,1.07498753070831,0.965,0.987,1.02564,0.80001,0.64184,1.12962424755096,1.179,1.224,0.80001,0.83947,0.76171,0.735081076622009,0.83947,0.33916,0.26228,0.288515985012054,0.503,0.216,0.33916,0.21854,0.23693,0.264450758695602,0.214,0.166,0.21854,0.04582,0.03061,0.037513829767704,"0.136",0.027,0.04582,90.4
"92","Hungary",4.8,104,5.145,91,5.32399988174438,75,5.62,69,5.758,62,4.8,1.12094,1.24142,1.2860119342804,1.171,1.201,1.12094,1.20215,0.93164,1.34313309192657,1.401,1.41,1.20215,0.75905,0.67608,0.687763452529907,0.75905,0.32112,0.1977,0.175863519310951,0.259,0.199,0.32112,0.128,0.099,0.0784016624093056,0.061,0.081,0.128,0.02758,0.04472,0.0366369374096394,"0.022",0.02,0.02758,46.8
"93","Honduras",4.788,105,4.871,104,5.18100023269653,91,5.504,72,5.86,59,4.788,0.59532,0.69429,0.730573117733002,0.62,0.642,0.59532,0.95348,0.75596,1.14394497871399,1.205,1.236,0.95348,0.6951,0.58383,0.582569479942322,0.6951,0.40148,0.26755,0.348079860210419,0.459,0.507,0.40148,0.23027,0.2044,0.236188873648643,0.197,0.246,0.23027,0.06825,0.06906,0.0733454525470734,"0.074",0.078,0.06825,52
"94","Tajikistan",4.786,106,4.996,100,5.04099988937378,96,5.199,88,5.467,74,4.786,0.39047,0.48835,0.524713635444641,0.474,0.493,0.39047,0.85563,0.75602,1.27146327495575,1.166,1.098,0.85563,0.57379,0.53119,0.529235124588013,0.57379,0.47216,0.43408,0.471566706895828,0.292,0.389,0.47216,0.22974,0.25998,0.248997643589973,0.187,0.23,0.22974,0.15072,0.13509,0.146377146244049,"0.034",0.144,0.15072,129.2
"95","Tunisia",4.739,107,5.045,98,4.80499982833862,102,4.592,111,4.461,124,4.739,0.88113,0.97724,1.00726580619812,0.9,0.921,0.88113,0.60429,0.43165,0.868351459503174,0.906,1,0.60429,0.73793,0.59577,0.613212049007416,0.73793,0.26268,0.23553,0.289680689573288,0.271,0.167,0.26268,0.06431,0.03936,0.0496933571994305,0.04,0.059,0.06431,0.06358,0.0817,0.0867231488227844,"0.063",0.055,0.06358,120.4
"96","Palestinian Territories",4.715,108,4.754,108,4.77500009536743,103,4.743,104,4.696,110,4.715,0.59867,0.67024,0.716249227523804,0.642,0.657,0.59867,0.92558,0.71629,1.15564715862274,1.217,1.247,0.92558,0.66015,0.56844,0.565666973590851,0.66015,0.24499,0.17744,0.25471106171608,0.266,0.225,0.24499,0.11251,0.11154,0.114173173904419,0.086,0.103,0.11251,0.12905,0.10613,0.0892826020717621,"0.076",0.066,0.12905,109.2
"97","Bangladesh",4.694,109,4.643,110,4.60799980163574,110,4.5,115,4.456,125,4.694,0.39753,0.54177,0.586682975292206,0.532,0.562,0.39753,0.43106,0.24749,0.735131740570068,0.85,0.928,0.43106,0.60164,0.52989,0.533241033554077,0.60164,0.4082,0.39778,0.478356659412384,0.58,0.527,0.4082,0.21222,0.19132,0.172255352139473,0.153,0.166,0.21222,0.12569,0.12583,0.123717859387398,"0.144",0.143,0.12569,10
"98","Iran",4.686,110,4.813,105,4.69199991226196,108,4.707,106,4.548,117,4.686,1.0088,1.11758,1.15687310695648,1.059,1.1,1.0088,0.54447,0.38857,0.711551249027252,0.771,0.842,0.54447,0.69805,0.64232,0.639333188533783,0.69805,0.30033,0.22544,0.249322608113289,0.459,0.305,0.30033,0.38086,0.38538,0.387242913246155,0.282,0.27,0.38086,0.05863,0.0557,0.048761073499918,"0.129",0.125,0.05863,53
"99","Ukraine",4.681,111,4.324,123,4.09600019454956,132,4.103,138,4.332,133,4.681,0.79907,0.87287,0.89465194940567,0.793,0.82,0.79907,1.20278,1.01413,1.39453756809235,1.413,1.39,1.20278,0.6739,0.58628,0.575903952121735,0.6739,0.25123,0.12859,0.122974775731564,0.163,0.178,0.25123,0.15275,0.20363,0.270061463117599,0.187,0.187,0.15275,0.02961,0.01829,0.0230294708162546,"0.011",0.01,0.02961,145
"100","Iraq",4.677,112,4.575,112,4.49700021743774,117,4.456,117,4.437,126,4.677,0.98549,1.07474,1.10271048545837,1.01,1.043,0.98549,0.81889,0.59205,0.978613197803497,0.971,0.98,0.81889,0.60237,0.51076,0.501180469989777,0.60237,0,0.24856,0.288555532693863,0.304,0.241,0,0.17922,0.19589,0.19963726401329,0.148,0.148,0.17922,0.13788,0.13636,0.107215754687786,"0.095",0.089,0.13788,74
"101","South Africa",4.642,113,4.459,116,4.8289999961853,101,4.724,105,4.722,106,4.642,0.92049,1.02416,1.05469870567322,0.94,0.96,0.92049,1.18468,0.96053,1.38478863239288,1.41,1.351,1.18468,0.27688,0.18611,0.187080070376396,0.27688,0.33207,0.42483,0.479246735572815,0.516,0.389,0.33207,0.11973,0.13656,0.139362379908562,0.103,0.13,0.11973,0.08884,0.08415,0.0725094974040985,"0.056",0.055,0.08884,125.6
"102","Ghana",4.633,114,4.276,124,4.11999988555908,131,4.657,108,4.996,98,4.633,0.54558,0.63107,0.667224824428558,0.592,0.611,0.54558,0.67954,0.49353,0.873664736747742,0.896,0.868,0.67954,0.40132,0.29681,0.295637726783752,0.40132,0.42342,0.40973,0.423026293516159,0.499,0.381,0.42342,0.23087,0.21203,0.256923943758011,0.212,0.245,0.23087,0.04355,0.0326,0.0253363698720932,"0.029",0.04,0.04355,58.2
"103","Zimbabwe",4.61,115,4.193,131,3.875,138,3.692,144,3.663,146,4.61,0.271,0.35041,0.375846534967422,0.357,0.366,0.271,1.03276,0.71478,1.08309590816498,1.094,1.114,1.03276,0.33475,0.1595,0.196763753890991,0.33475,0.25861,0.25429,0.336384207010269,0.406,0.361,0.25861,0.18987,0.18503,0.189143493771553,0.132,0.151,0.18987,0.08079,0.08582,0.0953753814101219,"0.099",0.089,0.08079,148.2
"104","Liberia",4.571,116,3.622,150,3.53299999237061,148,3.495,149,3.975,141,4.571,0.0712,0.10706,0.119041793048382,0.076,0.073,0.0712,0.78968,0.50353,0.872117936611176,0.858,0.922,0.78968,0.34201,0.23165,0.229918196797371,0.34201,0.28531,0.25748,0.332881182432175,0.419,0.37,0.28531,0.24362,0.24063,0.26654988527298,0.206,0.233,0.24362,0.06232,0.04852,0.0389482490718365,"0.030",0.033,0.06232,90.4
"105","India",4.565,117,4.404,118,4.31500005722046,122,4.19,133,4.015,140,4.565,0.64499,0.74036,0.792221248149872,0.721,0.755,0.64499,0.38174,0.29247,0.754372596740723,0.747,0.765,0.38174,0.51529,0.45091,0.455427616834641,0.51529,0.39786,0.40285,0.469987004995346,0.539,0.498,0.39786,0.26475,0.25028,0.231538489460945,0.172,0.2,0.26475,0.08492,0.08722,0.0922268852591515,"0.093",0.085,0.08492,68.2
"106","Haiti",4.518,119,4.028,136,3.6029999256134,145,3.582,148,3.597,147,4.518,0.26673,0.34097,0.368610262870789,0.315,0.323,0.26673,0.74302,0.29561,0.640449821949005,0.714,0.688,0.74302,0.38847,0.27494,0.277321130037308,0.38847,0.24425,0.12072,0.0303698573261499,0.025,0.026,0.24425,0.46187,0.47958,0.489203780889511,0.392,0.419,0.46187,0.17175,0.14476,0.0998721495270729,"0.104",0.11,0.17175,55
"107","Congo (Kinshasa)",4.517,120,4.272,125,4.28000020980835,126,4.245,132,4.418,127,4.517,0,0.05661,0.0921023488044739,0.069,0.094,0,1.0012,0.80676,1.22902345657349,1.136,1.125,1.0012,0.09806,0.188,0.191407024860382,0.09806,0.22605,0.15602,0.235961347818375,0.312,0.269,0.22605,0.24834,0.25458,0.246455833315849,0.197,0.212,0.24834,0.07625,0.06075,0.0602413564920425,"0.052",0.053,0.07625,24.4
"108","Nepal",4.514,121,4.793,107,4.96199989318848,99,4.88,101,4.913,100,4.514,0.35997,0.44626,0.479820191860199,0.425,0.446,0.35997,0.86449,0.69699,1.17928326129913,1.228,1.226,0.86449,0.56874,0.50073,0.504130780696869,0.56874,0.38282,0.37012,0.440305948257446,0.526,0.439,0.38282,0.32296,0.3816,0.394096165895462,0.302,0.285,0.32296,0.05907,0.07008,0.0729755461215973,"0.078",0.089,0.05907,89.8
"109","Ethiopia",4.512,122,4.508,115,4.46000003814697,119,4.35,127,4.286,134,4.512,0.19073,0.29283,0.339233845472336,0.308,0.336,0.19073,0.60406,0.37932,0.86466920375824,0.95,1.033,0.60406,0.44055,0.34578,0.353409707546234,0.44055,0.4345,0.36703,0.408842742443085,0.452,0.344,0.4345,0.24325,0.29522,0.312650740146637,0.22,0.209,0.24325,0.15048,0.1717,0.165455713868141,"0.146",0.1,0.15048,41.4
"110","Sierra Leone",4.507,123,4.635,111,4.70900011062622,106,4.571,113,4.374,129,4.507,0.33024,0.36485,0.36842092871666,0.256,0.268,0.33024,0.95571,0.628,0.984136044979095,0.813,0.841,0.95571,0,0,0.00556475389748812,0,0.4084,0.30685,0.318697690963745,0.355,0.309,0.4084,0.21488,0.23897,0.293040901422501,0.238,0.252,0.21488,0.08786,0.08196,0.0710951760411263,"0.053",0.045,0.08786,120.8
"111","Mauritania",4.436,124,4.201,130,4.29199981689453,123,4.356,126,4.49,122,4.436,0.45407,0.61391,0.648457288742065,0.557,0.57,0.45407,0.86908,0.84142,1.2720308303833,1.245,1.167,0.86908,0.35874,0.28639,0.285349279642105,0.35874,0.24232,0.1268,0.0960980430245399,0.129,0.066,0.24232,0.219,0.22686,0.201870024204254,0.134,0.106,0.219,0.17461,0.17955,0.136957004666328,"0.093",0.088,0.17461,82.8
"112","Kenya",4.419,125,4.356,122,4.55299997329712,112,4.41,124,4.509,121,4.419,0.36471,0.52267,0.560479462146759,0.493,0.512,0.36471,0.99876,0.7624,1.06795072555542,1.048,0.983,0.99876,0.41435,0.30147,0.309988349676132,0.41435,0.42215,0.40576,0.452763766050339,0.504,0.431,0.42215,0.37542,0.41328,0.444860309362411,0.352,0.372,0.37542,0.05839,0.06686,0.0646413192152977,"0.055",0.053,0.05839,65.8
"113","Armenia",4.35,127,4.36,121,4.37599992752075,121,4.321,129,4.559,116,4.35,0.76821,0.86086,0.900596737861633,0.816,0.85,0.76821,0.77711,0.62477,1.00748372077942,0.99,1.055,0.77711,0.7299,0.64083,0.637524425983429,0.7299,0.19847,0.14037,0.198303267359734,0.26,0.283,0.19847,0.07855,0.07793,0.0834880918264389,0.077,0.095,0.07855,0.039,0.03616,0.0266744215041399,"0.028",0.064,0.039,6.8
"114","Botswana",4.332,128,3.974,137,3.76600003242493,142,3.59,146,3.488,148,4.332,0.99355,1.09426,1.12209415435791,1.017,1.041,0.99355,1.10464,0.89186,1.22155499458313,1.174,1.145,1.10464,0.04776,0.34752,0.341755509376526,0.04776,0.49495,0.44089,0.505196332931519,0.557,0.455,0.49495,0.10461,0.12425,0.0993484482169151,0.042,0.025,0.10461,0.12474,0.10769,0.0985831990838051,"0.092",0.1,0.12474,17.2
"115","Myanmar",4.307,129,4.395,119,4.54500007629395,114,4.308,130,4.36,131,4.307,0.27108,0.34112,0.367110550403595,0.682,0.71,0.27108,0.70905,0.69981,1.12323594093323,1.174,1.181,0.70905,0.48246,0.3988,0.397522568702698,0.48246,0.44017,0.42692,0.514492034912109,0.58,0.525,0.44017,0.79588,0.81971,0.838075160980225,0.598,0.566,0.79588,0.19034,0.20243,0.188816204667091,"0.178",0.172,0.19034,95.6
"116","Georgia",4.297,130,4.252,126,4.28599977493286,125,4.34,128,4.519,119,4.297,0.7419,0.83792,0.950612664222717,0.853,0.886,0.7419,0.38562,0.19249,0.57061493396759,0.592,0.666,0.38562,0.72926,0.64035,0.649546980857849,0.72926,0.40577,0.32461,0.309410035610199,0.375,0.346,0.40577,0.05547,0.06786,0.0540088154375553,0.038,0.043,0.05547,0.38331,0.3188,0.251666635274887,"0.215",0.164,0.38331,42.4
"117","Malawi",4.292,131,4.156,132,3.97000002861023,136,3.587,147,3.41,150,4.292,0.01604,0.08709,0.233442038297653,0.186,0.191,0.01604,0.41134,0.147,0.512568831443787,0.541,0.56,0.41134,0.22562,0.29364,0.315089583396912,0.22562,0.43054,0.4143,0.466914653778076,0.531,0.443,0.43054,0.33128,0.30968,0.287170469760895,0.21,0.218,0.33128,0.06977,0.07564,0.0727116540074348,"0.080",0.089,0.06977,85
"118","Sri Lanka",4.271,132,4.415,117,4.44000005722046,120,4.471,116,4.366,130,4.271,0.83524,0.97318,1.00985014438629,0.918,0.949,0.83524,1.01905,0.84783,1.25997638702393,1.314,1.265,1.01905,0.70806,0.62007,0.625130832195282,0.70806,0.53726,0.50817,0.561213254928589,0.585,0.47,0.53726,0.40828,0.46978,0.490863561630249,0.307,0.244,0.40828,0.09179,0.07964,0.0736539661884308,"0.050",0.047,0.09179,109.8
"119","Cameroon",4.252,133,4.513,114,4.69500017166138,107,4.975,99,5.044,96,4.252,0.4225,0.52497,0.564305365085602,0.535,0.549,0.4225,0.88767,0.62542,0.946018218994141,0.891,0.91,0.88767,0.23402,0.12698,0.132892116904259,0.23402,0.49309,0.42736,0.430388748645782,0.454,0.381,0.49309,0.20618,0.2268,0.236298456788063,0.183,0.187,0.20618,0.05786,0.06126,0.0513066314160824,"0.043",0.037,0.05786,28
"120","Bulgaria",4.218,134,4.217,129,4.71400022506714,105,4.933,100,5.011,97,4.218,1.01216,1.11306,1.1614590883255,1.054,1.092,1.01216,1.10614,0.92542,1.43437945842743,1.515,1.513,1.10614,0.76649,0.67806,0.708217680454254,0.76649,0.30587,0.21219,0.289231717586517,0.359,0.311,0.30587,0.11921,0.12793,0.113177694380283,0.064,0.081,0.11921,0.00872,0.00615,0.0110515309497714,"0.009",0.004,0.00872,17.6
"121","Egypt",4.194,135,4.362,120,4.7350001335144,104,4.419,122,4.166,137,4.194,0.8818,0.95395,0.989701807498932,0.885,0.913,0.8818,0.747,0.49813,0.997471392154694,1.025,1.039,0.747,0.61712,0.52116,0.520187258720398,0.61712,0.17288,0.18847,0.282110154628754,0.312,0.241,0.17288,0.11291,0.12706,0.128631442785263,0.092,0.076,0.11291,0.06324,0.10393,0.114381365478039,"0.107",0.067,0.06324,41.6
"122","Yemen",4.077,136,3.724,147,3.59299993515015,146,3.355,152,3.38,151,4.077,0.54649,0.57939,0.591683447360992,0.442,0.287,0.54649,0.68093,0.47493,0.93538224697113,1.073,1.163,0.68093,0.40064,0.31048,0.310080915689468,0.40064,0.35571,0.2287,0.249463722109795,0.244,0.143,0.35571,0.09131,0.09821,0.104125209152699,0.083,0.108,0.09131,0.07854,0.05892,0.0567674227058887,"0.064",0.077,0.07854,152.6
"123","Mali",3.995,138,4.073,135,4.19000005722046,127,4.447,118,4.39,128,3.995,0.26074,0.31292,0.476180493831635,0.37,0.385,0.26074,1.03526,0.86333,1.28147339820862,1.233,1.105,1.03526,0.20583,0.16347,0.169365674257278,0.20583,0.38857,0.27544,0.306613743305206,0.367,0.327,0.38857,0.18798,0.21064,0.183354198932648,0.139,0.153,0.18798,0.12352,0.13647,0.104970246553421,"0.056",0.052,0.12352,62.8
"124","Congo (Brazzaville)",3.989,139,4.236,127,4.29099988937378,124,4.559,114,4.812,103,3.989,0.67866,0.77109,0.808964252471924,0.682,0.673,0.67866,0.6629,0.47799,0.832044363021851,0.811,0.799,0.6629,0.31051,0.28212,0.28995743393898,0.31051,0.41466,0.37938,0.435025870800018,0.514,0.372,0.41466,0.12388,0.12077,0.120852127671242,0.091,0.105,0.12388,0.11686,0.09753,0.0796181336045265,"0.077",0.093,0.11686,31.2
"125","Uganda",3.931,141,3.739,146,4.08099985122681,133,4.161,135,4.189,136,3.931,0.21102,0.34719,0.381430715322495,0.322,0.332,0.21102,1.13299,0.90981,1.12982773780823,1.09,1.069,1.13299,0.33861,0.19625,0.217632606625557,0.33861,0.45727,0.43653,0.443185955286026,0.45,0.356,0.45727,0.29066,0.27102,0.325766056776047,0.259,0.252,0.29066,0.07267,0.06442,0.057069718837738,"0.061",0.06,0.07267,150.8
"126","Senegal",3.904,142,4.219,128,4.53499984741211,115,4.631,109,4.681,111,3.904,0.36498,0.44314,0.479309022426605,0.429,0.45,0.36498,0.97619,0.77416,1.17969191074371,1.117,1.134,0.97619,0.4354,0.40457,0.409362852573395,0.4354,0.36772,0.31056,0.377922266721725,0.406,0.292,0.36772,0.20843,0.19103,0.183468893170357,0.138,0.153,0.20843,0.10713,0.11681,0.115460447967052,"0.082",0.072,0.10713,116.4
"127","Gabon",3.896,143,4.121,134,4.46500015258789,118,4.758,103,4.799,104,3.896,1.06024,1.15851,1.1982102394104,1.036,1.057,1.06024,0.90528,0.72368,1.1556202173233,1.164,1.183,0.90528,0.43372,0.3494,0.356578588485718,0.43372,0.31914,0.28098,0.312328577041626,0.356,0.295,0.31914,0.06822,0.06244,0.0437853783369064,0.032,0.043,0.06822,0.11091,0.09314,0.0760467872023582,"0.052",0.055,0.11091,48.2
"128","Niger",3.845,144,3.856,142,4.02799987792969,135,4.166,134,4.628,114,3.845,0.0694,0.1327,0.161925330758095,0.131,0.138,0.0694,0.77265,0.6053,0.993025004863739,0.867,0.774,0.77265,0.29707,0.26162,0.26850500702858,0.29707,0.47692,0.38041,0.36365869641304,0.39,0.318,0.47692,0.19387,0.2097,0.228673845529556,0.175,0.188,0.19387,0.15639,0.17176,0.138572946190834,"0.099",0.102,0.15639,92.8
"129","Cambodia",3.819,145,3.907,140,4.16800022125244,129,4.433,120,4.7,109,3.819,0.46038,0.55604,0.601765096187592,0.549,0.574,0.46038,0.62736,0.5375,1.00623834133148,1.088,1.122,0.62736,0.61114,0.42494,0.429783403873444,0.61114,0.66246,0.58852,0.633375823497772,0.696,0.609,0.66246,0.40359,0.40339,0.385922968387604,0.256,0.232,0.40359,0.07247,0.08092,0.0681059509515762,"0.065",0.062,0.07247,71.8
"130","Tanzania",3.781,146,3.666,149,3.34899997711182,153,3.303,153,3.231,153,3.781,0.2852,0.47155,0.511135876178741,0.455,0.476,0.2852,1.00268,0.77623,1.04198980331421,0.991,0.885,1.00268,0.38215,0.357,0.364509284496307,0.38215,0.32878,0.3176,0.390017777681351,0.481,0.417,0.32878,0.34377,0.31472,0.354256361722946,0.27,0.276,0.34377,0.05747,0.05099,0.0660351067781448,"0.097",0.147,0.05747,121.4
"131","Madagascar",3.681,147,3.695,148,3.64400005340576,144,3.774,143,3.933,143,3.681,0.20824,0.27954,0.305808693170547,0.262,0.274,0.20824,0.66801,0.46115,0.913020372390747,0.908,0.916,0.66801,0.46721,0.37109,0.375223308801651,0.46721,0.19184,0.13684,0.189196765422821,0.221,0.148,0.19184,0.21333,0.2204,0.208732530474663,0.155,0.169,0.21333,0.08124,0.07506,0.0672319754958153,"0.049",0.041,0.08124,81.6
"132","Chad",3.667,149,3.763,144,3.93600010871887,137,4.301,131,4.35,132,3.667,0.34193,0.42214,0.438012987375259,0.358,0.35,0.34193,0.76062,0.63178,0.953855872154236,0.907,0.766,0.76062,0.1501,0.03824,0.0411347150802612,0.1501,0.23501,0.12807,0.16234202682972,0.189,0.174,0.23501,0.18386,0.18667,0.216113850474358,0.181,0.198,0.18386,0.05269,0.04952,0.0535818822681904,"0.060",0.078,0.05269,18
"133","Guinea",3.656,150,3.607,151,3.50699996948242,149,3.964,140,4.534,118,3.656,0.17417,0.22415,0.244549930095673,0.344,0.38,0.17417,0.46475,0.3109,0.791244685649872,0.792,0.829,0.46475,0.24009,0.18829,0.194129139184952,0.24009,0.37725,0.30953,0.348587512969971,0.394,0.332,0.37725,0.28657,0.29914,0.264815092086792,0.185,0.207,0.28657,0.12139,0.1192,0.110937617719173,"0.094",0.086,0.12139,57.6
"134","Ivory Coast",3.655,151,3.916,139,4.17999982833862,128,4.671,107,4.944,99,3.655,0.46534,0.55507,0.603048920631409,0.541,0.569,0.46534,0.77115,0.57576,0.904780030250549,0.872,0.808,0.77115,0.15185,0.04476,0.0486421696841717,0.15185,0.46866,0.40663,0.447706192731857,0.467,0.352,0.46866,0.20165,0.20338,0.201237469911575,0.146,0.154,0.20165,0.17922,0.1553,0.130061775445938,"0.103",0.09,0.17922,62.2
"135","Burkina Faso",3.587,152,3.739,145,4.03200006484985,134,4.424,121,4.587,115,3.587,0.25812,0.31995,0.3502277135849,0.314,0.331,0.25812,0.85188,0.63054,1.04328000545502,1.097,1.056,0.85188,0.27125,0.21297,0.215844258666039,0.27125,0.39493,0.3337,0.324367851018906,0.312,0.255,0.39493,0.21747,0.24353,0.250864684581757,0.175,0.177,0.21747,0.12832,0.12533,0.120328105986118,"0.128",0.113,0.12832,22
"136","Afghanistan",3.575,153,3.36,154,3.79399991035461,141,3.632,145,3.203,154,3.575,0.31982,0.38227,0.401477217674255,0.332,0.35,0.31982,0.30285,0.11037,0.581543326377869,0.537,0.517,0.30285,0.30335,0.17344,0.180746778845787,0.30335,0.23414,0.1643,0.106179520487785,0.085,0,0.23414,0.3651,0.31268,0.311870932579041,0.191,0.158,0.3651,0.09719,0.07112,0.0611578300595284,"0.036",0.025,0.09719,3.6
"137","Rwanda",3.465,154,3.515,152,3.47099995613098,151,3.408,151,3.334,152,3.465,0.22208,0.32846,0.368745893239975,0.332,0.359,0.22208,0.7737,0.61586,0.945707023143768,0.896,0.711,0.7737,0.42864,0.31865,0.326424807310104,0.42864,0.59201,0.5432,0.581843852996826,0.636,0.555,0.59201,0.22628,0.23552,0.252756029367447,0.2,0.217,0.22628,0.55191,0.50521,0.455220013856888,"0.444",0.411,0.55191,105.6
"138","Benin",3.34,155,3.484,153,3.65700006484985,143,4.141,136,4.883,102,3.34,0.28665,0.39499,0.431085407733917,0.378,0.393,0.28665,0.35386,0.10419,0.435299843549728,0.372,0.437,0.35386,0.3191,0.21028,0.209930211305618,0.3191,0.4845,0.39747,0.425962775945663,0.44,0.349,0.4845,0.1826,0.2018,0.207948461174965,0.163,0.175,0.1826,0.0801,0.06681,0.0609290152788162,"0.067",0.082,0.0801,12
"139","Syria",3.006,156,3.069,156,3.46199989318848,152,3.462,150,3.462,149,3.006,0.6632,0.74719,0.777153134346008,0.689,0.619,0.6632,0.47489,0.14866,0.396102607250214,0.382,0.378,0.47489,0.72193,0.62994,0.50053334236145,0.72193,0.15684,0.06912,0.0815394446253777,0.088,0.013,0.15684,0.47179,0.48397,0.493663728237152,0.376,0.331,0.47179,0.18906,0.17233,0.151347130537033,"0.144",0.141,0.18906,146.4
"140","Burundi",2.905,157,2.905,157,2.90499997138977,154,2.905,156,3.775,145,2.905,0.0153,0.06831,0.091622568666935,0.091,0.046,0.0153,0.41587,0.23442,0.629793584346771,0.627,0.447,0.41587,0.22396,0.15747,0.151610791683197,0.22396,0.1185,0.0432,0.0599007532000542,0.065,0.22,0.1185,0.19727,0.2029,0.204435184597969,0.149,0.176,0.19727,0.10062,0.09419,0.0841479450464249,"0.076",0.18,0.10062,17.8
"141","Togo",2.839,158,3.303,155,3.49499988555908,150,3.999,139,4.085,139,2.839,0.20868,0.28123,0.305444717407227,0.259,0.275,0.20868,0.13995,0,0.431882530450821,0.474,0.572,0.13995,0.28443,0.24811,0.247105568647385,0.28443,0.36453,0.34678,0.38042613863945,0.434,0.293,0.36453,0.16681,0.17517,0.196896150708199,0.158,0.177,0.16681,0.10731,0.11587,0.0956650152802467,"0.101",0.085,0.10731,121
